{
  "xclbin-location":"/lib/firmware/xilinx/kv260-smartcam/kv260-smartcam.xclbin",
  "ivas-library-repo": "/usr/lib/",
  "element-mode":"inplace",
  "kernels" :[
    {
      "library-name":"libivas_xdpuinfer.so",
      "config": {
        "model-name" : "yolov2_voc",
        "model-class" : "YOLOV2",
        "model-path" : "/opt/xilinx/share/vitis_ai_library/models/B3136",
        "run_time_model" : false,
        "need_preprocess" : true,
        "performance_test" : false,
        "debug_level" : 1
      }
    }
  ]
}
