{
  "xclbin-location":"/usr/lib/dpu.xclbin",
  "ivas-library-repo": "/opt/xilinx/lib",
  "element-mode":"inplace",
  "kernels" :[
    {
      "library-name":"libivas_airender.so",
      "config": {
        "fps_interval" : 10,
        "font_size" : 2,
        "font" : 3,
        "thickness" : 2,
        "debug_level" : 0,
        "label_color" : { "blue" : 100, "green" : 100, "red" : 100 },
        "label_filter" : [ "class", "probability" ],
        "classes" : [
                {
                "name" : "aeroplane",
                "blue" : 255,
                "green" : 0,
                "red" : 0
                },
                {
                "name" : "bicycle",
                "blue" : 0,
                "green" : 255,
                "red" : 0
                },
                {
                "name" : "bird",
                "blue" : 0,
                "green" : 0,
                "red" : 255
                },
                {
                  "name" : "boat",
                  "blue" : 0,
                  "green" : 0,
                  "red" : 255
                },
                {
                  "name" : "bottle",
                  "blue" : 0,
                  "green" : 0,
                  "red" : 255
                },
                {
                  "name" : "bus",
                  "blue" : 0,
                  "green" : 0,
                  "red" : 255
                },
                {
                  "name" : "car",
                  "blue" : 0,
                  "green" : 255,
                  "red" : 0
                },
                {
                  "name" : "cat",
                  "blue" : 0,
                  "green" : 0,
                  "red" : 255
                },
                {
                  "name" : "chair",
                  "blue" : 0,
                  "green" : 0,
                  "red" : 255
                },
                {
                  "name" : "cow",
                  "blue" : 0,
                  "green" : 0,
                  "red" : 255
                },
                {
                  "name" : "diningtable",
                  "blue" : 0,
                  "green" : 0,
                  "red" : 255
                },
                {
                  "name" : "dog",
                  "blue" : 0,
                  "green" : 0,
                  "red" : 255
                },
                {
                  "name" : "horse",
                  "blue" : 0,
                  "green" : 0,
                  "red" : 255
                },
                {
                  "name" : "motorbike",
                  "blue" : 0,
                  "green" : 0,
                  "red" : 255
                },
                {
                  "name" : "person",
                  "blue" : 0,
                  "green" : 0,
                  "red" : 255
                },
                {
                  "name" : "pottedplant",
                  "blue" : 0,
                  "green" : 0,
                  "red" : 255
                },
                {
                  "name" : "sheep",
                  "blue" : 0,
                  "green" : 0,
                  "red" : 255
                },
                {
                  "name" : "sofa",
                  "blue" : 0,
                  "green" : 0,
                  "red" : 255
                },
                {
                  "name" : "train",
                  "blue" : 0,
                  "green" : 0,
                  "red" : 255
                },
                {
                  "name" : "tvmonitor",
                  "blue" : 0,
                  "green" : 0,
                  "red" : 255
                }]
      }
    }
  ]
}
