{
  "xclbin-location":"/usr/lib/dpu.xclbin",
  "ivas-library-repo": "/opt/xilinx/lib",
  "element-mode":"inplace",
  "kernels" :[
    {
      "library-name":"libivas_airender.so",
      "config": {
          "fps_interval" : 10,
          "font_size" : 2,
          "font" : 3,
          "thickness" : 2,
          "debug_level" : 0,
          "label_color" : { "blue" : 0, "green" : 0, "red" : 255 },
          "label_filter" : [ "class", "probability" ],
          "classes" : [
          ]
      }
    }
  ]
}
