{
  "xclbin-location":"/lib/firmware/xilinx/kv260-smartcam/kv260-smartcam.xclbin",
  "ivas-library-repo": "/usr/lib/",
  "element-mode":"inplace",
  "kernels" :[
    {
      "library-name":"libivas_xdpuinfer.so",
      "config": {
	"model-name" : "refinedet_pruned_0_96",
	"model-class" : "REFINEDET",
	"model-path" : "/opt/xilinx/share/vitis_ai_library/models/kv260-smartcam",
	"run_time_model" : false,
	"need_preprocess" : false,
	"performance_test" : false,
	"debug_level" : 0
      }
    }
  ]
}
